<?xml version="1.0" encoding="UTF-8"?>

<!--
    Copyright (C) GridGain Systems. All Rights Reserved.
    _________        _____ __________________        _____
    __  ____/___________(_)______  /__  ____/______ ____(_)_______
    _  / __  __  ___/__  / _  __  / _  / __  _  __ `/__  / __  __ \
    / /_/ /  _  /    _  /  / /_/ /  / /_/ /  / /_/ / _  /  _  / / /
    \____/   /_/     /_/   \_,__/   \____/   \__,_/  /_/   /_/ /_/
-->

<beans xmlns="http://www.springframework.org/schema/beans"
       xmlns:xsi="http://www.w3.org/2001/XMLSchema-instance"
       xsi:schemaLocation="http://www.springframework.org/schema/beans http://www.springframework.org/schema/beans/spring-beans.xsd">
    <bean class="org.apache.ignite.configuration.IgniteConfiguration">
        <property name="igniteInstanceName" value="ggcc-db"/>
        <property name="consistentId" value="ggcc-db"/>
        <property name="metricsLogFrequency" value="0"/>
        <property name="failureDetectionTimeout" value="10000"/>
        <property name="networkTimeout" value="10000"/>

        <!-- Disable all clients. -->
        <property name="connectorConfiguration"><null/></property>
        <property name="clientConnectorConfiguration"><null/></property>

        <property name="cacheConfiguration">
            <bean class="org.apache.ignite.configuration.CacheConfiguration">
                <property name="name" value="*"/>
                <property name="cacheMode" value="PARTITIONED"/>
                <property name="backups" value="1"/>

                <property name="affinity">
                    <bean class="org.apache.ignite.cache.affinity.rendezvous.RendezvousAffinityFunction">
                        <property name="partitions" value="256"/>
                    </bean>
                </property>
            </bean>
        </property>

        <property name="transactionConfiguration">
            <bean class="org.apache.ignite.configuration.TransactionConfiguration">
                <property name="txTimeoutOnPartitionMapExchange" value="#{60L * 1000L}"/>
            </bean>
        </property>

        <!-- Persistence required to store user data on disk. -->
        <property name="dataStorageConfiguration">
            <bean class="org.apache.ignite.configuration.DataStorageConfiguration">
                <property name="defaultDataRegionConfiguration">
                    <bean class="org.apache.ignite.configuration.DataRegionConfiguration">
                        <property name="persistenceEnabled" value="true"/>
                        <!-- Set region size, because default size is 20% of physical memory available on current machine. -->
                        <property name="maxSize" value="#{2048L * 1024L * 1024L}"/>
                    </bean>
                </property>

                <!-- Disabling WAL archiving. -->
                <property name="walArchivePath" value="db/wal"/>

                <!-- GridGain Control Center will survive process crash. -->
                <property name="walMode" value="LOG_ONLY"/>
            </bean>
        </property>

        <!-- Logging configuration. -->
        <property name="gridLogger">
            <bean class="org.apache.ignite.logger.log4j2.Log4J2Logger">
                <constructor-arg type="java.lang.String" value="log4j2.xml"/>
            </bean>
        </property>

        <property name="communicationSpi">
            <bean class="org.gridgain.gmc.discovery.IsolatedCommunicationSpi"/>
        </property>

        <property name="discoverySpi">
            <bean class="org.gridgain.gmc.discovery.IsolatedDiscoverySpi"/>
        </property>
    </bean>
</beans>
